,10978,1001,,paytencalderon@email.com,,Unit 1 555 2nd Avenue,,Beerwah,QLD,3580,AU
,10979,5401,Payten Calderon,,,67 Fairview Avenue,,Landsborough,NSW,,AU
,10980,3404,Pranav Gamble,pranavgamble@email.com,,99 Creekside Drive,,Cotton Tree,VIC,2020,AU
,10981,5401,Quinton Sosa,quintonsosa@email.com,,14 5th Street,,Lower king,NTT,3585,AU
,10982,5400,Raelynn Walsh,raelynnwalsh@email.com,,2/105 Fairway Drive,,Woolner,SA,2042,
,10983,5400,Ramiro Beck,ramirobeck@email.com,,Unit 4 555 Cedar Lane,,St Kilda East,VIC,6288,AU
,10984,5400,Randall Andersen,randallandersen@email.com,0491 570 158,Unit 4 555 York Street,,Middle Park,TA,3067,AU
,10985,5404,Raul Rollins,raulrollins@email.com,0491 570 158,,,SOUTHBANK,QLD,6057,AU
,10986,5400,Ray Mckinney,raymckinney@email.com,0491 570 158,99 Rosewood Drive,,Coral Cove,SA,2365,AU
,10987,5401,Rebecca Johns,rebeccajohns@email.com,0491 570 159,14 Beechwood Drive,,Cervantes,SA,5064,AU
,10988,5402,Rebecca Johns,rebeccajohns@email.com,0491 570 157,Unit 2 555 6th Street North,,Jurien Bay,QLD,6722,AU
,10989,5402,Reilly Long,reillylong@email.com,0491 570 156,Unit 1 555 Market Street,,Welshpool,SA,3143,AU
,10990,5403,Reilly Long,reillylong@email.com,0491 570 156,67 Jackson Street,,Hamersley,NT,6154,AU
,10991,5401,Ricardo George,ricardogeorge@email.com,0491 570 157,15/222 6th Street,,Hill River,NT,6081,AU
,10992,5404,Ricardo George,ricardogeorge@email.com,0491 570 157,14 Somerset Drive,,DUNCRAIG,SA,6713,AU
,10993,5403,Ricardo Werner,ricardowerner@email.com,0491 570 110,2/105 Penn Street,,floreat,SA,6070,AU
,10994,5401,Ricardo Werner,ricardowerner@email.com,0491 570 110,Unit 8 555 White Street,,Gwelup,VIC,2733,AU
,10995,5402,Rigoberto English,rigobertoenglish@email.com,0491 570 159,15/222 Hartford Road,,Burnett Heads,NT,3786,AU
,10996,5404,Rigoberto English,rigobertoenglish@email.com,61 491 570 110,55 Summit Avenue,,Mooliabeenee,NT,6071,AU
,10997,5404,Rigoberto Garner,rigobertogarner@email.com,0491 570 158,Unit 7 555 Colonial Avenue,,Casuarina,SA,6104,AU
,10998,5400,Rigoberto Garner,rigobertogarner@email.com,0491 570 156,Unit 2 555 Hilltop Road,,Mt Hawthorn,SA,3788,AU
,10999,5400,River Combs,rivercombs@email.com,61 491 570 157,15/222 Country Club Road,,Nilgen,ACT,6150,AU
,11000,5404,River Combs,rivercombs@email.com,61 491 570 157,208 Court Street,,Lancelin,QLD,4561,AU
,11001,5402,River Walker,riverwalker@email.com,61 491 570 157,55 Strawberry Lane,,JURIEN BAY,QLD,6053,AU
,11002,5401,River Walker,riverwalker@email.com,0491 570 157,67 2nd Street East,,Vale Park,ACT,6074,AU
,11003,5401,Riya Benton,riyabenton@email.com,0491 570 157,Unit 3 555 Meadow Street,,Fitzroy,NSW,3161,AU
,11004,5400,Riya Benton,riyabenton@email.com,0491 570 156,13 North Avenue,,OVINGHAM,QLD,4574,AU
,11005,5404,Rocco Stevenson,roccostevenson@email.com,0491 570 110,Unit 3 555 Chestnut Avenue,,Karawara,SA,6000,AU
,11006,5404,Rocco Stevenson,roccostevenson@email.com,0491 570 158,44 Devonshire Drive,,BRANYAN,NT,6110,AU
,11007,5401,Rodney Ortega,rodneyortega@email.com,61 491 570 110,Unit 5 555 Highland Drive,,Enfield,TA,2358,AU
,11008,5402,Rodney Ortega,rodneyortega@email.com,61 491 570 110,99 South Street,,Windsor,QLD,3184,AU
,11009,5402,Rolando Everett,rolandoeverett@email.com,61 491 570 110,Unit 2 555 Park Street,,West Leederville,QLD,3266,AU
,11010,5401,Ronin Parker,roninparker@email.com,0491 570 110,99 Maiden Lane,,WEMBLEY,QLD,4555,AU
,11011,5402,Ross Ballard,rossballard@email.com,0491 570 156,15/222 Evergreen Drive,,East Pingelly,QLD,6272,AU
,11012,5403,Rowan Vincent,rowanvincent@email.com,0491 570 156,Unit 4 555 Pine Street,,Jurien,NSW,3260,AU
,11013,5401,Rowan Vincent,rowanvincent@email.com,0491 570 156,67 Colonial Drive,,Prahran,TA,6103,AU
,11014,5402,Roy Hernandez,royhernandez@email.com,0491 570 156,Unit 6 555 Mill Street,,Tongala,TA,6003,AU
,11015,5400,Roy Hernandez,royhernandez@email.com,0491 570 157,Unit 5 555 York Road,,Dookie,NSW,6064,AU
,11016,5403,Royce Atkins,royceatkins@email.com,0491 570 110,Unit 6 555 Clinton Street,,Kyabram,NSW,6052,AU
,11017,5402,Royce Atkins,royceatkins@email.com,0491 570 159,44 Willow Avenue,,West Pingelly,QLD,4673,AU
,11018,5404,Royce Morris,roycemorris@email.com,0491 570 159,Unit 7 555 10th Street,,Pingelly,NT,4519,AU
,11019,5401,Rubi Thornton,rubithornton@email.com,0491 570 158,Unit 8 555 Canterbury Road,,Saint Kilda,NT,3006,AU
,11020,5402,Rylan Roberson,rylanroberson@email.com,0491 570 156,14 Rosewood Drive,,Karrinyup,NSW,6511,AU
,11021,5401,Rylee Byrd,ryleebyrd@email.com,0491 570 156,15/222 Union Street,,ST KILDA EAST,TA,6516,AU
,11022,5404,Rylee Byrd,ryleebyrd@email.com,0491 570 156,Unit 7 555 3rd Street,,Saint Kilda East,SA,6106,AU
,11023,5403,Salvador Eaton,salvadoreaton@email.com,0491 570 110,208 Main Street East,,Wattle Grove,TA,6022,AU
,11024,5400,Samir Hurst,samirhurst@email.com,0491 570 110,44 North Avenue,,jurien bay,ACT,6521,AU
,11025,5404,Samir Hurst,samirhurst@email.com,0491 570 156,Unit 5 555 Durham Road,,Shepparton South,NT,6504,AU
,11026,5401,Sarai Edwards,saraiedwards@email.com,0491 570 158,2/105 Hillside Drive,,Mickleham,ACT,811,AU
,11027,5400,Saul Castillo,saulcastillo@email.com,0491 570 157,44 Water Street,,moncrieff,SA,6044,AU
,11028,5402,Saul Castillo,saulcastillo@email.com,0491 570 157,2/105 State Street East,,Lower Plenty,NT,5081,AU
,11029,5404,Saul Castillo,saulcastillo@email.com,0491 570 159,67 Bayberry Drive,,Eltham,VIC,3065,AU
,11030,5403,Saul Castillo,saulcastillo@email.com,0491 570 159,Unit 8 555 Clay Street,,Pine Lodge,ACT,5082,AU
,11031,5404,Shane Clark,shaneclark@email.com,0491 570 110,Unit 2 555 Pennsylvania Avenue,,SHEPPARTON NORTH,NSW,5085,AU
,11032,5401,Shane Clark,shaneclark@email.com,0491 570 110,Unit 8 555 Orchard Lane,,Craigieburn,SA,3181,AU
,11033,5403,Shane Smith,shanesmith@email.com,0491 570 110,Unit 5 555 Durham Court,,West Popanyinning,SA,6308,AU
,11034,5402,Shane Smith,shanesmith@email.com,0491 570 159,Unit 4 555 4th Street South,,Salisbury north,ACT,3621,AU
,11035,5400,Shannon Lewis,shannonlewis@email.com,0491 570 159,15/222 College Avenue,,Stanhope,ACT,3646,AU
,11036,5402,Shelby Cohen,shelbycohen@email.com,0491 570 159,Unit 2 555 Liberty Street,,Mooroopna North,NT,3620,AU
,11037,5401,Shelby Cohen,shelbycohen@email.com,0491 570 159,Unit 7 555 Devon Court,,HOWARD SPRINGS,SA,3004,AU
,11038,5402,Shyann Greer,shyanngreer@email.com,0491 570 157,55 River Street,,Hallam,SA,3064,AU
,11039,5402,Shyla Blair,shylablair@email.com,0491 570 157,14 Fawn Court,,Diamond Creek,SA,3093,AU
,11040,5400,Sienna Schneider,siennaschneider@email.com,0491 570 156,Unit 5 555 Lantern Lane,,Shepparton North,NSW,6309,AU
,11041,5402,Skylar Mcknight,skylarmcknight@email.com,61 491 570 157,Unit 1 555 Belmont Avenue,,Wunghnu,NSW,5108,AU
,11042,5403,Skylar Mcknight,skylarmcknight@email.com,61 491 570 110,Unit 3 555 Olive Street,,Ledge Point,VIC,3623,AU
,11043,5403,Soren Morse,sorenmorse@email.com,0491 570 159,44 Ashley Court,,Greenvale,ACT,3629,AU
,11044,5402,Soren Suarez,sorensuarez@email.com,0491 570 156,2/105 Lexington Court,,Millbank,TA,835,AU
,11045,5402,Soren Suarez,sorensuarez@email.com,0491 570 110,Unit 1 555 Route 202,,Beveridge,TA,3803,AU
,11046,5400,Stacy Chandler,stacychandler@email.com,0491 570 158,55 Hartford Road,,Yarrambat,NSW,3089,AU
,11047,5402,Stephany Glass,stephanyglass@email.com,0491 570 158,2/105 River Road,,ROWVILLE,ACT,3635,AU
,11048,5400,Sullivan Holt,sullivanholt@email.com,0491 570 110,2/105 Cleveland Avenue,,Attwood,ACT,6043,AU
,11049,5402,Sullivan Holt,sullivanholt@email.com,61 491 570 110,Unit 4 555 Garfield Avenue,,Underwood,NT,3059,AU
,11050,5403,Summer Powell,summerpowell@email.com,0491 570 110,44 Route 202,,HAWTHORN EAST,NSW,3753,AU
,11051,5403,Talan Phillips,talanphillips@email.com,,67 4th Street North,,Shailer Park,NT,3091,AU
,11052,5401,Tanya Irwin,tanyairwin@email.com,,55 Cleveland Street,,Logan Village,TA,2127,AU
,11053,5404,Tanya Rhodes,tanyarhodes@email.com,,Unit 2 555 Monroe Street,,Kuraby,NSW,3049,AU
,11054,5401,Tara Hanna,tarahanna@email.com,,44 Elizabeth Street,,MITCHAM,NSW,4119,AU
,11055,5404,Tara Hanna,tarahanna@email.com,,Unit 7 555 3rd Street West,,Malvern,NT,4128,AU
,11056,5404,Tatiana Mosley,tatianamosley@email.com,,67 Ivy Lane,,Hastings,TA,4207,AU
,11057,5404,Terrell Bolton,terrellbolton@email.com,,Unit 5 555 Jackson Avenue,,Cornubia,NT,4112,AU
,11058,5401,Thomas Hodge,thomashodge@email.com,,Unit 6 555 Oak Street,,Thorneside,VIC,3144,AU
,11059,5400,Trace Wolfe,tracewolfe@email.com,,55 Market Street,,WINDSOR,VIC,4130,AU
,11060,5402,Travis Reid,travisreid@email.com,,99 Lake Street,,Broadford,NSW,4158,AU
,11061,5404,Tristen Kane,tristenkane@email.com,,Unit 5 555 6th Street,,BOX HILL SOUTH,NSW,3658,AU
,11062,5403,Tristen Kane,tristenkane@email.com,,208 Buttonwood Drive,,Badger Creek,SA,3777,AU
,11063,5404,Tristin Ford,tristinford@email.com,,99 King Street,,Slacks Creek,VIC,2580,AU
,11064,5400,Trystan Santos,trystansantos@email.com,,Unit 7 555 Division Street,,Goulburn,ACT,4113,AU
,11065,5400,Tucker Delacruz,tuckerdelacruz@email.com,,Unit 4 555 Hill Street,,Holmview,ACT,4116,AU
,11066,5402,Tucker Delacruz,tuckerdelacruz@email.com,,67 Hillcrest Drive,,Eight Mile Plains,NSW,814,AU
,11067,5404,Tyrese Goodman,tyresegoodman@email.com,,2/105 Arlington Avenue,,Stretton,SA,3392,AU
,11068,5401,Tyrese Goodman,tyresegoodman@email.com,,Unit 1 555 Devonshire Drive,,Cranbourne East,TA,4169,AU
,11069,5401,Tyrese Obrien,tyreseobrien@email.com,,14 Windsor Drive,,Nightcliff,TA,4051,AU
,11070,5400,Tyrese Pacheco,tyresepacheco@email.com,,Unit 2 555 Beech Street,,Wanguri,VIC,4124,AU
,11071,5403,Tyrese Pacheco,tyresepacheco@email.com,,13 Chestnut Street,,Leanyer,QLD,4208,AU
,11072,5401,Tyrese Pacheco,tyresepacheco@email.com,,208 Holly Drive,,camberwell,TA,4280,AU
,11073,5404,Tyrese Pacheco,tyresepacheco@email.com,,Unit 1 555 8th Street,,Hawthorn east,QLD,4270,AU
,11074,5403,Valentino Dickerson,valentinodickerson@email.com,,Unit 2 555 King Street,,Minyip,TA,4133,AU
,11075,5402,Vance Cortez,vancecortez@email.com,,55 Front Street North,,Kangaroo Point,VIC,800,AU
,11076,5402,Vance Cortez,vancecortez@email.com,,14 Oak Lane,,Wulagi,ACT,4131,AU
,11077,5404,Veronica Delgado,veronicadelgado@email.com,,13 Crescent Street,,Gaythorne,NT,4017,AU
,11078,5403,Victoria Carrillo,victoriacarrillo@email.com,,Unit 3 555 6th Street North,,Greenbank,NSW,4121,AU
,11079,5404,Victoria Carrillo,victoriacarrillo@email.com,,Unit 8 555 North Avenue,,Kingsholme,NSW,3082,AU
,11080,5401,Vincent Kirk,vincentkirk@email.com,,55 Pine Street,,Jimboomba,NT,3094,AU
,11081,5402,Vincent Kirk,vincentkirk@email.com,,2/105 Orchard Avenue,,Tamborine,QLD,4114,AU
,11082,5403,Walter Cabrera,waltercabrera@email.com,,2/105 Myrtle Avenue,,Tanah Merah,ACT,4128,AU
,11083,5404,Waylon Sparks,waylonsparks@email.com,,67 3rd Street East,,BRENDALE,ACT,4207,AU
,11084,5401,Waylon Sparks,waylonsparks@email.com,,Unit 1 555 Brown Street,,Waterford,ACT,4112,AU
,11085,5400,Waylon Sparks,waylonsparks@email.com,,Unit 4 555 Pearl Street,,Darwin,NT,3144,AU
,11086,5401,Weston Bullock,westonbullock@email.com,,208 Center Street,,Loganlea,NT,4130,AU
,11087,5402,Weston Bullock,westonbullock@email.com,,Unit 5 555 Cambridge Drive,,Stockleigh,QLD,4158,AU
,11088,5401,Wyatt Sheppard,wyattsheppard@email.com,,Unit 8 555 Schoolhouse Lane,,Yallambie,NT,3658,AU
,11089,5402,Xavier Tran,xaviertran@email.com,,208 Monroe Drive,,Waterford West,SA,3777,AU
,11090,5404,Yareli Orr,yareliorr@email.com,,Unit 7 555 Adams Street,,Buccan,NT,2580,AU
,11091,5402,Zachariah Powell,zachariahpowell@email.com,,2/105 Atlantic Avenue,,WOLVI,NT,4113,AU
,11092,5403,Zack Andersen,zackandersen@email.com,,2/105 Canterbury Road,,GYMPIE,SA,4116,AU
,11093,5404,Zaire Miles,zairemiles@email.com,,99 Andover Court,,Tarragindi,NSW,814,AU
,11094,5404,Zaire Strickland,zairestrickland@email.com,,Unit 1 555 Hillcrest Avenue,,GOULBURN,ACT,3392,AU
,11095,5400,Zechariah Gaines,zechariahgaines@email.com,,14 5th Street East,,Logan villlage,SA,4169,AU
,11096,5400,Zechariah Gaines,zechariahgaines@email.com,,67 9th Street West,,Mill Park,ACT,4051,AU
,11097,5401,Zoe Alvarado,zoealvarado@email.com,,Unit 7 555 Route 64,,altona,VIC,4124,AU
,11098,5403,Zoe Alvarado,zoealvarado@email.com,,44 Magnolia Court,,Montmorency,QLD,4208,AU
,11099,5404,Zoe Alvarado,zoealvarado@email.com,,Unit 1 555 Harrison Avenue,,LAVERTON,VIC,4280,AU